L-podanie trajektori dla nastêpnika, R-potwierdzenie znajdowania siê na trajektorii przez nastêpnika, S - sygna³ odjazdu;ID auta;Moment Symulacji w sec;Przed wjazdem na skrzy¿owanie/ Po ruszeniu. Ciê¿ko odró¿niæ przy dwóch skrzy¿owaniach;Czas trwania nadawania sygna³u odjazdu (S)
L;19;16.159802025021;before;
L;25;16.518815050042;before;
R;37;19.002480075063;before;
L;25;19.195626100084;before;
R;25;20.002593100084;before;
R;55;20.002593100084;before;
R;37;20.003183125105;before;
L;37;20.603003125105;before;
L;37;21.628526125105;before;
R;37;22.001410125105;before;
R;55;22.003079150126;before;
L;37;23.199201175147;before;
R;55;24.002034200168;before;
R;37;24.003027225189;before;
R;91;24.003027225189;before;
L;55;24.44358925021;before;
R;55;25.00262025021;before;
L;37;25.679483275231;before;
L;91;25.679483275231;before;
R;55;26.001810300252;before;
R;37;26.002127325273;before;
R;91;26.002127325273;before;
L;103;26.274289025021;before;
L;55;26.471042350294;before;
L;49;26.549738050042;before;
R;55;28.002260350294;before;
R;37;28.002564375315;before;
R;91;28.002564375315;before;
L;55;28.200351400336;before;
R;121;29.001923400336;before;
L;91;29.132838425357;before;
L;49;29.412858060668;before;
R;55;30.001774400336;before;
R;37;30.002468425357;before;
R;91;30.002468425357;before;
R;91;30.002972425357;before;
L;49;30.421613050042;before;
L;55;30.507689450378;before;
L;121;30.507689450378;before;
R;121;31.003007450378;before;
L;91;31.686084475399;before;
R;55;32.001704450378;before;
R;37;32.002762475399;before;
R;91;32.002762475399;before;
R;121;33.00170050042;before;
L;91;33.628422525441;before;
R;151;34.001501525441;before;
R;37;34.002276525441;before;
R;91;34.002276525441;before;
R;55;34.002593550462;before;
L;121;34.205190550462;before;
R;121;35.001445550462;before;
R;169;35.001445550462;before;
R;121;35.001825550462;before;
L;151;35.138067575483;before;
L;91;35.244735575483;before;
L;151;35.244735575483;before;
L;19;35.50660102931;before;
R;151;36.001259575483;before;
R;151;36.002471575483;before;
R;55;36.002926600504;before;
R;37;36.003230625525;before;
R;91;36.003230625525;before;
L;121;36.564232600504;before;
L;169;36.564232600504;before;
R;169;37.001401600504;before;
R;121;37.001960650546;before;
L;133;37.281339024518;before;
L;157;37.339935049036;before;
L;19;37.339935053828;before;
L;151;37.344580625525;before;
L;175;37.344580625525;before;
L;169;37.565377650546;before;
R;169;38.002000650546;before;
R;37;38.002120675567;before;
R;175;38.002291675567;before;
R;55;38.002606700588;before;
R;91;38.002939675567;before;
R;151;38.002939675567;before;
R;181;39.001593050042;before;
R;121;39.003164700588;before;
L;169;39.121453700588;before;
L;103;39.570426075063;before;
R;175;40.001896725609;before;
R;37;40.002622725609;before;
R;151;40.002635725609;before;
R;169;40.00266875063;before;
R;103;40.002759075063;before;
R;55;40.00304375063;before;
L;181;40.384171100084;before;
R;181;41.002131100084;before;
L;169;41.11003975063;before;
L;103;41.419345125105;before;
R;205;42.001334125105;before;
R;55;42.001465800672;before;
R;181;42.001859150126;before;
R;175;42.001987775651;before;
R;37;42.002471825693;before;
R;187;42.003190074057;before;
R;169;42.003214800672;before;
L;157;42.345667099078;before;
R;157;43.001483099108;before;
R;91;43.003494875735;before;
R;151;43.003494875735;before;
L;169;43.278168800672;before;
L;43;43.329296080481;before;
L;187;43.638475124159;before;
L;73;43.691533105502;before;
L;181;43.695452150126;before;
S;157;44.000244143913;before;0.000244143913
S;67;44.000244148899;before;0.000244148899
R;175;44.001376825693;before;
R;37;44.001504875735;before;
R;55;44.001808900756;before;
R;205;44.001828175147;before;
R;205;44.00207517775;before;
R;91;44.002146875735;before;
R;151;44.002146875735;before;
R;181;44.002379202771;before;
R;217;44.002379202771;before;
R;169;44.002460850714;before;
R;223;44.002460850714;before;
R;43;44.002654130523;before;
R;133;44.002654166383;after;
R;187;44.002654168934;before;
R;73;44.003179155544;before;
L;187;44.191651125143;before;
L;157;44.503383150164;before;
L;193;44.503383150164;before;
L;175;44.517889875735;before;
L;199;44.696880159811;before;
L;133;44.696880176355;after;
S;187;45.000235175185;before;0.000235175185
R;187;45.001288175185;before;
R;157;45.001579200206;after;
R;193;45.001579200206;before;
R;175;45.001923875735;before;
R;235;45.001923875735;before;
R;121;45.002241900756;before;
R;223;45.003046900756;before;
L;169;45.343802900756;before;
L;223;45.343802900756;before;
S;43;46.000244181333;before;0.000244181333
S;157;46.000244200206;after;0.000244200206
S;193;46.000244200206;before;0.000244200206
R;169;46.001477900938;before;
R;43;46.002004181255;before;
R;37;46.00224592624;before;
R;175;46.002327926141;before;
R;187;46.002329225227;after;
R;73;46.002477206966;before;
R;13;46.002477207044;after;
R;217;46.002894253326;before;
R;181;46.002894253412;before;
R;25;46.00297895167;before;
R;55;46.002978951724;before;
R;151;46.003077926108;before;
R;91;46.003077926181;before;
R;103;46.003224279121;before;
L;187;46.508653225227;after;
S;187;47.000240225227;after;0.000240225227
R;223;47.001970901163;before;
R;193;47.002273250248;after;
R;235;47.002300926591;before;
R;121;47.003016951657;before;
S;43;48.000236235006;after;0.000236235006
S;205;48.000242332671;before;0.000242332671
S;55;48.000244004097;before;0.000244004097
R;217;48.001456359673;before;
R;181;48.001456359765;after;
R;187;48.001601275269;before;
R;169;48.00210995271;before;
R;73;48.002282262276;after;
R;205;48.002423386675;before;
R;37;48.002979030638;after;
R;175;48.003154978824;before;
R;151;48.003154978917;before;
L;157;48.17063230029;before;
L;193;48.17063230029;before;
L;67;48.170632306692;after;
L;187;48.295307325311;before;
L;13;48.450277011644;after;
S;91;49.000240031336;before;0.000240031336
R;223;49.001458953286;before;
R;187;49.001888325311;before;
R;67;49.00188833278;after;
R;235;49.002308979981;before;
R;37;49.002484031703;after;
R;229;49.002547355355;before;
R;181;49.002547361088;after;
R;67;49.002686337396;after;
R;193;49.002686350332;before;
R;187;49.003016349481;before;
R;157;49.003016359499;before;
R;193;49.003016369886;before;
R;121;49.003066058429;before;
R;55;49.003066058575;after;
L;103;49.289969377829;after;
L;43;49.289969384114;after;
L;49;49.289969387649;after;
S;205;50.000234442622;after;0.000234442622
S;121;50.000236059191;before;0.000236059191
S;55;50.000236059345;after;0.000236059345
R;217;50.001292470828;after;
R;181;50.001292471688;after;
R;91;50.001385087354;after;
R;37;50.00138508748;after;
R;43;50.001583478657;after;
R;205;50.001583500754;after;
R;73;50.001583501872;after;
R;61;50.00184510426;before;
R;55;50.001845115615;after;
R;181;50.001939485626;after;
R;73;50.001939503175;after;
R;103;50.001939504206;after;
R;229;50.001939506187;before;
R;211;50.001939507967;before;
R;175;50.002019033571;before;
R;91;50.002087087046;after;
R;103;50.002802513894;after;
R;43;50.002802527693;after;
R;181;50.002802533359;after;
R;169;50.00309006128;before;
L;43;50.310369537277;after;
S;91;51.000245087018;after;0.000245087018
S;151;51.000245087151;before;0.000245087151
R;187;51.001368394907;before;
R;109;51.002052530076;before;
R;223;51.00258500816;before;
R;235;51.002902036339;before;
R;259;51.003123348771;before;
R;193;51.003167419928;before;
R;61;51.003227109643;before;
L;37;51.238881023199;after;
L;103;51.326290546258;after;
L;181;51.326290551078;after;
L;73;51.326290555097;before;
L;127;51.326290559305;before;
L;43;51.511530533717;before;
L;205;51.565043544459;after;
L;73;51.565043558235;before;
L;229;51.565043561247;before;
L;181;51.565043565105;after;
L;181;51.640305570963;after;
L;43;51.640305582753;before;
L;109;51.640305583256;before;
S;121;52.000241113649;after;0.000241113649
S;169;52.000241113812;before;0.000241113812
R;43;52.001243481746;before;
R;205;52.001243500965;after;
R;211;52.001243503557;before;
R;43;52.001606582753;before;
R;109;52.001606583256;before;
R;205;52.001606588553;after;
R;157;52.001879142918;before;
R;217;52.001897593671;after;
R;205;52.001897605992;after;
R;73;52.001897607271;before;
R;229;52.001897610283;before;
R;211;52.001897612063;before;
R;151;52.002040140147;after;
R;211;52.002214617291;before;
R;43;52.002214629231;before;
R;217;52.002214636129;after;
R;73;52.00221463631;before;
R;169;52.002295063162;before;
R;61;52.002295066058;before;
R;73;52.002456608277;before;
R;127;52.002456608277;before;
R;181;52.002456609198;after;
R;61;52.002690073875;before;
R;151;52.002690089823;after;
R;175;52.002690090042;before;
R;55;52.002729171139;after;
R;127;52.00277361996;before;
R;109;52.00277363514;before;
L;205;52.18705362859;after;
L;253;52.187053642382;before;
L;43;52.187053646601;before;
L;217;52.18705365002;after;
L;181;52.320810630722;after;
L;109;52.320810644981;before;
L;103;52.320810651609;after;
S;151;53.000237090107;after;0.000237090107
R;223;53.001527063108;before;
R;241;53.001719170733;before;
R;109;53.001924644981;before;
R;169;53.002582117052;after;
R;121;53.002582117101;after;
R;61;53.002715075208;before;
R;235;53.002715089877;before;
R;175;53.002715089912;before;
R;193;53.00278519296;before;
R;115;53.003167207085;before;
R;187;53.003167217981;before;
L;127;53.510970670002;before;
L;241;53.619807025021;before;
L;247;53.698696050042;before;
L;55;53.698696054331;before;
L;91;53.698696055677;after;
S;169;54.00023611616;after;0.00023611616
R;121;54.002188168115;after;
R;97;54.002188168187;after;
R;157;54.002188170138;before;
R;241;54.002188171918;before;
R;127;54.002271683939;before;
R;109;54.002271691496;before;
R;73;54.002412662331;before;
R;211;54.002412667123;before;
R;43;54.002755686849;before;
R;109;54.002755687352;before;
R;211;54.002968667403;before;
R;265;54.002968667639;before;
R;217;54.00305970792;after;
R;73;54.003059712373;before;
R;127;54.003059712373;before;
R;151;54.003231142219;after;
R;175;54.003231142408;after;
L;217;54.279145725384;after;
L;109;54.279145737394;before;
L;139;54.279145737394;before;
L;253;54.588571692424;before;
L;43;54.588571696713;before;
L;127;54.659621762415;before;
S;175;55.000240141337;before;0.000240141337
S;235;55.000240141387;before;0.000240141387
R;187;55.001316268023;before;
R;121;55.00170116724;before;
R;169;55.00170116724;before;
R;223;55.002195166458;after;
R;97;55.002270279775;after;
R;193;55.002270293044;before;
R;139;55.002631787436;before;
R;127;55.002948812457;before;
L;151;55.158850192261;after;
L;175;55.158850192261;before;
L;169;55.171114217282;before;
L;223;55.171114217282;after;
L;151;55.404355192261;after;
L;265;55.453024717445;before;
L;253;55.506524742466;before;
S;169;56.00023321737;before;0.00023321737
S;73;56.00023671753;before;0.00023671753
S;157;56.000241218837;before;0.000241218837
R;55;56.001767245916;after;
R;73;56.001842812557;before;
R;253;56.001894742466;before;
R;175;56.002097242479;after;
R;151;56.002097242551;after;
R;211;56.002211767487;before;
R;265;56.002211767487;before;
R;43;56.002692837214;after;
R;109;56.002692837678;before;
R;241;56.002948075063;before;
L;127;56.114804812464;before;
L;283;56.385431293044;before;
L;259;56.681758318065;before;
R;163;57.001279812526;before;
R;127;57.001279812589;before;
R;235;57.00147519213;after;
R;223;57.001948217848;after;
R;139;57.002285837742;before;
R;109;57.002285837821;before;
R;187;57.002468318065;before;
R;259;57.002850318065;before;
R;193;57.003149343086;before;
R;139;57.003169837616;before;
L;271;57.431697745267;before;
L;43;57.431697747038;after;
L;229;57.657811770288;before;
S;73;58.000235863902;after;0.000235863902
R;175;58.001286295178;after;
R;73;58.001674771887;after;
R;265;58.001777817529;before;
R;157;58.00193925924;before;
R;121;58.001939271122;after;
R;169;58.001967321833;before;
R;253;58.00208184255;before;
R;277;58.00208184255;before;
R;55;58.002646296328;after;
R;151;58.002646297861;after;
R;157;58.002646301281;before;
R;43;58.002654796736;after;
R;109;58.002654797968;after;
R;229;58.002836770288;before;
R;55;58.002963314605;after;
R;121;58.00296333144;after;
L;265;58.659587867571;before;
S;139;59.0002398905;before;0.0002398905
R;139;59.001274839116;before;
R;193;59.001524351323;before;
R;163;59.001812865706;before;
R;127;59.00181286578;after;
R;235;59.001841348905;after;
R;187;59.002036376344;before;
R;223;59.002145376096;after;
R;259;59.002442318065;before;
R;277;59.002961893409;before;
R;265;59.00327891843;before;
R;295;59.00327891843;before;
L;241;59.553757075063;before;
L;277;59.665555943451;before;
R;265;60.001311968472;before;
R;109;60.001357798564;after;
R;43;60.001357799335;after;
R;253;60.001602993493;before;
R;271;60.001700815363;before;
R;229;60.001700816205;before;
R;73;60.001700826783;after;
R;121;60.001970371747;after;
R;169;60.002027377132;before;
R;175;60.002344405232;after;
R;121;60.002347366169;after;
R;187;60.002347376344;before;
R;271;60.002805797678;before;
R;73;60.002818825241;after;
R;127;60.002818826102;after;
R;211;60.002818828943;before;
R;43;60.003096813706;after;
R;229;60.003096822699;before;
R;301;60.003096822699;before;
R;157;60.003132381015;before;
R;187;60.003132384338;before;
R;55;60.003132394425;after;
L;277;60.645482943451;before;
S;139;61.000234894156;after;0.000234894156
R;127;61.00131892169;after;
R;163;61.001318921865;after;
R;187;61.001350384179;before;
R;295;61.001570968472;before;
R;259;61.001787318065;before;
R;55;61.001787323052;after;
R;223;61.002031377575;after;
R;121;61.00234340511;after;
R;193;61.0023434092;before;
R;235;61.002530406245;after;
R;139;61.002779949224;after;
R;277;61.002888993493;before;
R;283;62.00140133905;before;
R;121;62.001401352836;after;
R;307;62.001451075063;before;
R;175;62.001468463757;after;
R;283;62.001731373649;before;
R;55;62.00173138262;after;
R;73;62.001817870303;after;
R;301;62.001817872741;before;
R;301;62.002181863368;before;
R;73;62.002181866214;after;
R;73;62.002485875206;after;
R;271;62.002485888389;before;
R;43;62.00248588957;after;
R;241;62.002617489698;before;
R;169;62.002617493362;before;
R;265;62.002776018514;before;
R;301;62.002776887044;before;
R;271;62.002776897789;before;
R;43;62.002776904254;after;
R;253;62.003171043535;before;
L;247;62.426257100084;before;
L;277;62.429188993493;before;
L;55;62.527820389647;after;
L;121;62.527820394462;after;
L;259;62.52782039867;before;
L;325;62.52782039867;before;
R;223;63.001402432927;after;
R;295;63.001532018514;before;
R;193;63.001662459242;before;
R;247;63.001668100084;before;
R;235;63.001732459609;after;
R;163;63.002301980027;after;
R;325;63.00261139867;before;
R;139;63.00298301083;after;
R;277;63.003123043535;before;
R;187;63.003240484263;before;
R;259;63.003240484263;before;
L;271;63.129933912065;before;
L;121;63.161346409569;after;
L;283;63.161346423691;before;
L;307;63.216186125105;before;
R;325;64.001554455779;before;
R;121;64.00155445656;after;
R;175;64.00187952437;after;
R;283;64.0021314808;before;
R;331;64.0021314808;before;
R;301;64.002459937086;before;
R;307;64.002587125105;before;
R;331;64.002599482362;before;
R;55;64.002599486844;after;
R;265;64.002732068556;before;
R;43;64.002779905412;after;
R;127;64.002789953284;after;
R;271;64.002789962107;before;
R;121;64.002903517128;after;
R;253;64.003023093577;before;
R;73;64.003109935618;after;
R;169;64.003184554709;before;
L;325;64.109997505821;before;
L;277;64.322199043535;before;
L;247;64.451027150126;before;
R;223;65.001423474477;after;
R;187;65.001423484263;before;
R;193;65.002351489712;before;
R;187;65.002351492202;before;
R;103;65.002533552975;after;
R;295;65.002728068556;before;
R;169;65.002954564269;before;
R;151;65.002954581641;after;
R;181;65.002954584234;after;
R;223;65.003006509927;after;
R;193;65.003006517223;before;
R;277;65.003019093577;before;
R;301;65.003196981716;before;
L;271;65.264658006737;before;
L;127;65.264658010148;after;
L;325;65.652564507383;before;
R;253;66.001276093577;before;
R;331;66.001320532404;before;
R;265;66.001788118598;before;
R;175;66.001879613597;after;
R;307;66.001898175147;before;
R;73;66.001955935681;after;
R;181;66.00219664296;after;
R;169;66.002196643938;before;
R;43;66.00227296595;after;
R;301;66.002335031758;before;
R;55;66.002425547441;after;
R;151;66.002682674248;after;
R;175;66.002682674279;after;
R;325;66.002716557425;before;
R;121;66.002755577754;after;
R;163;66.002951052731;after;
R;271;66.002951056779;before;
L;277;66.124768093577;before;
L;247;66.254935200168;before;
R;337;67.001296200168;before;
R;193;67.001688567265;before;
R;307;67.001899225189;before;
R;277;67.002325093577;before;
R;343;67.002325093577;before;
R;331;67.002421582454;before;
R;223;67.002559557634;after;
R;301;67.002708074918;before;
R;325;67.002876568524;before;
R;283;67.002876582864;before;
R;331;67.002876586835;before;
R;295;67.002915118598;before;
R;187;67.003019592286;before;
R;259;67.003019592286;before;
R;181;67.003220473683;after;
R;313;67.00322049007;before;
L;295;67.284755118598;before;
L;325;67.567068611856;before;
L;349;67.567068611856;before;
L;223;67.567068616036;after;
L;163;67.607460097105;after;
R;331;68.001247636877;before;
R;271;68.001300099939;before;
R;175;68.001338734911;after;
R;253;68.001502143619;before;
R;325;68.001733661898;before;
R;349;68.001733661898;before;
R;295;68.001918118598;before;
R;169;68.002097765254;before;
R;43;68.002418965991;after;
R;73;68.002748996301;after;
R;265;68.00289816864;before;
R;301;68.00294312496;before;
L;277;68.125020143619;before;
L;343;68.125020143619;before;
L;223;68.24576167408;after;
L;331;68.245761686919;before;
L;307;68.314319225189;before;
R;295;69.00131616864;before;
R;307;69.001400225189;before;
R;187;69.001423592286;before;
R;337;69.00170425021;before;
R;319;69.001704251655;before;
R;193;69.001857617307;before;
R;277;69.002426193661;before;
R;343;69.002426193661;before;
R;223;69.002748705688;after;
R;349;69.00274871194;before;
R;259;69.002889661898;before;
L;295;69.686075218682;before;
R;301;70.001391175002;before;
R;253;70.001970193661;before;
R;325;70.00265671194;before;
R;169;70.002776765254;before;
R;103;70.002927646785;after;
R;331;70.002947736961;before;
R;175;70.003093795597;after;
R;265;70.003197218682;before;
R;133;70.003197222863;after;
R;271;70.003203200023;before;
L;307;70.260057275231;before;
L;349;70.32139571194;before;
R;295;71.001441218682;before;
R;349;71.00176871194;before;
R;193;71.001813667349;before;
R;103;71.001813672539;after;
R;307;71.001868275231;before;
R;133;71.00226523339;after;
R;277;71.002265243703;before;
R;343;71.002265243703;before;
R;367;71.002267736961;before;
R;157;71.002949683694;before;
R;337;71.002952300252;before;
R;259;71.00298869237;before;
L;295;71.361668268724;before;
R;301;72.001326225044;before;
R;331;72.001525787003;before;
R;169;72.001627825943;before;
R;157;72.001913718771;before;
R;253;72.002030243703;before;
R;229;72.002170239669;before;
R;181;72.002204741084;after;
R;19;72.002321260371;after;
R;265;72.002321268724;before;
R;271;72.002436250065;before;
R;175;72.003075856289;after;
R;325;72.003103812024;before;
L;349;72.235244761982;before;
L;355;72.460348323853;before;
L;307;72.460348325273;before;
R;277;73.001264293745;before;
R;343;73.001264293745;before;
R;349;73.001430761982;before;
R;193;73.001493754113;before;
R;187;73.001493773117;before;
R;19;73.001607304645;after;
R;295;73.001607318766;before;
R;307;73.002141325273;before;
R;103;73.002395765245;after;
R;187;73.002395779134;before;
R;367;73.002566787003;before;
R;193;73.003063804155;before;
R;103;73.00306380927;after;
R;337;73.003095350294;before;
L;295;73.422521318766;before;
R;271;74.001846250065;before;
R;175;74.002069917001;after;
R;271;74.002342223659;before;
R;37;74.002633240412;after;
R;229;74.00263324868;before;
R;301;74.00263324868;before;
R;331;74.002755837045;before;
R;169;74.00285494735;before;
R;265;74.002875304977;before;
R;49;74.003124847918;after;
R;325;74.003124862066;before;
R;253;74.003166329998;before;
L;349;74.551053812024;before;
L;307;74.568092375315;before;
R;367;75.001287837045;before;
R;307;75.001322375315;before;
R;331;75.00155882734;before;
R;295;75.001584332376;before;
R;343;75.001584346656;before;
R;277;75.001584350727;before;
R;337;75.001769400336;before;
R;187;75.001987829176;before;
R;25;75.002018343277;after;
R;277;75.002018357397;before;
R;343;75.002018357397;before;
R;193;75.002291854197;before;
R;49;75.002306849183;after;
R;349;75.002306862066;before;
R;295;75.002413382418;before;
R;25;75.002413386649;after;
L;295;75.392400382418;before;
L;25;75.392400382578;after;
R;301;76.001510298722;before;
R;175;76.00173997773;after;
R;253;76.001754407439;before;
R;331;76.002178887087;before;
R;325;76.002495912108;before;
R;271;76.002737323743;before;
R;265;76.00278643246;before;
R;169;76.003214008083;before;
L;349;76.312048862066;before;
L;307;76.681205425357;before;
R;367;77.001612888224;before;
R;295;77.00173243246;before;
R;337;77.001751450378;before;
R;187;77.001826879218;before;
R;193;77.002195904239;before;
R;367;77.002353887087;before;
R;277;77.002400457481;before;
R;343;77.002400457481;before;
R;349;77.002904912108;before;
R;103;77.002904917088;after;
R;307;77.002952475399;before;
L;295;77.384267482502;before;
R;325;78.001668912108;before;
R;175;78.001969038477;after;
R;265;78.00225643246;before;
R;169;78.002364068838;before;
R;253;78.002651457481;before;
R;301;78.002888348764;before;
R;271;78.003179373785;before;
R;331;78.003207937129;before;
L;349;78.188613912108;before;
L;307;78.347521475399;before;
R;277;79.001399507523;before;
R;343;79.001399507523;before;
R;193;79.001475954281;before;
R;307;79.001504475399;before;
R;367;79.002314937129;before;
R;289;79.00232848621;before;
R;337;79.00232850042;before;
R;295;79.002561532544;before;
R;187;79.003092979302;before;
R;259;79.003092979302;before;
R;349;79.00321696215;before;
L;295;79.313846532544;before;
R;253;80.001681557565;before;
R;169;80.002016066183;before;
R;325;80.00207196215;before;
R;271;80.002108373785;before;
R;175;80.002359093889;after;
R;331;80.002388987171;before;
R;265;80.002531582586;before;
R;301;80.003127398806;before;
L;349;80.14095596215;before;
L;307;80.468863525441;before;
R;295;81.001256582586;before;
R;187;81.001379979302;before;
R;277;81.001794607607;before;
R;343;81.001794607607;before;
R;337;81.001959550462;before;
R;193;81.002126004323;before;
R;307;81.002575575483;before;
R;367;81.002847987171;before;
R;259;81.003160012192;before;
R;349;81.003178012192;before;
L;295;81.566285632628;before;
R;325;82.001877012192;before;
R;271;82.002147423827;before;
R;175;82.00245814497;after;
R;301;82.002477448848;before;
R;331;82.002610037213;before;
R;253;82.002664607607;before;
R;169;82.002879172193;before;
R;151;82.003085619819;after;
R;211;82.003085632628;before;
R;265;82.003085632628;before;
L;349;82.411265012192;before;
L;307;82.580871575483;before;
R;187;83.001310029344;before;
R;193;83.001614054365;before;
R;259;83.001730062234;before;
R;277;83.00182864711;before;
R;265;83.002158672131;before;
R;295;83.002158672131;before;
R;151;83.002158674401;after;
R;367;83.002198037213;before;
R;307;83.002245575483;before;
R;349;83.002528062234;before;
R;277;83.002709697152;before;
R;343;83.002709697152;before;
R;337;83.003121600504;before;
L;295;83.168360722173;before;
R;271;84.001491185374;before;
R;301;84.00149119251;before;
R;169;84.002016188125;before;
R;229;84.002016199965;before;
R;301;84.002016199965;before;
R;175;84.002016204918;after;
R;265;84.002196671954;before;
R;169;84.002320220282;before;
R;271;84.002320224986;before;
R;253;84.002526696975;before;
R;325;84.002748062234;before;
R;331;84.003039087255;before;
L;307;84.294806625525;before;
L;349;84.655015062234;before;
R;277;85.001526747194;before;
R;343;85.001526747194;before;
R;151;85.001526755033;after;
R;193;85.001765104407;before;
R;367;85.001821087255;before;
R;295;85.001830772215;before;
R;337;85.001972650546;before;
R;187;85.002329129428;before;
R;343;85.002376767306;before;
R;295;85.002376787893;before;
R;349;85.002437112276;before;
R;307;85.002744675567;before;
R;259;85.002861112276;before;
L;151;85.570715779579;after;
L;295;85.570715792327;before;
R;301;86.001249242566;before;
R;331;86.001305137297;before;
R;253;86.001717797236;before;
R;175;86.00174825982;after;
R;271;86.001748267587;before;
R;325;86.002337162318;before;
R;265;86.002853822257;before;
R;301;86.003144292608;before;
L;349;86.564548112276;before;
L;307;86.660548675567;before;
R;349;87.001275112276;before;
R;295;87.001292822257;before;
R;367;87.001618137297;before;
R;301;87.001900302273;before;
R;187;87.002423129428;before;
R;259;87.002423129428;before;
R;307;87.002570675567;before;
R;193;87.002883154449;before;
R;337;87.002991700588;before;
R;277;87.003143847278;before;
R;343;87.003143847278;before;
L;235;87.104982316713;after;
L;271;87.104982327294;before;
L;295;87.474554872299;before;
R;253;88.001270847278;before;
R;325;88.001596162318;before;
R;331;88.001926187339;before;
R;271;88.001948327294;before;
R;265;88.002640872299;before;
R;313;88.002694341483;before;
R;301;88.002694352315;before;
L;307;88.497541725609;before;
L;349;88.611036162318;before;
R;187;89.00154717947;before;
R;277;89.00218189732;before;
R;343;89.00218189732;before;
R;193;89.002345204491;before;
R;367;89.002406187339;before;
R;295;89.002472922341;before;
R;337;89.00253175063;before;
R;349;89.00276221236;before;
R;307;89.002848775651;before;
L;295;89.342331922341;before;
R;271;90.001740377336;before;
R;331;90.001830237381;before;
R;325;90.002121262402;before;
R;301;90.002837402357;before;
R;253;90.002957947362;before;
R;265;90.003248972383;before;
L;307;90.102939775651;before;
L;349;90.25876221236;before;
S;283;91.000243237895;before;0.000243237895
R;337;91.001426801271;before;
R;247;91.001426801361;before;
R;307;91.001717826891;before;
R;277;91.001726947876;before;
R;193;91.001755255911;after;
R;157;91.001755255996;after;
R;349;91.001899212543;before;
R;259;91.00227626343;after;
R;295;91.002615973411;before;
R;367;91.003022237747;before;
S;325;92.000239264102;before;0.000239264102
S;265;92.000241024657;before;0.000241024657
S;301;92.000245454607;before;0.000245454607
R;241;92.001252282516;after;
R;331;92.002298290222;before;
R;283;92.002298290309;after;
R;325;92.002875316342;before;
R;253;92.00300205114;after;
R;271;92.003227481068;after;
L;229;92.470577016666;after;
L;211;92.470577022074;after;
S;277;93.000237050336;before;0.000237050336
S;337;93.000238854973;before;0.000238854973
S;283;93.00024034236;after;0.00024034236
R;277;93.001266999855;before;
R;349;93.00129626406;before;
R;265;93.001571025534;after;
R;295;93.001571025721;before;
R;325;93.002143368378;after;
R;193;93.002335307937;after;
R;187;93.002652333401;before;
R;259;93.002652333611;after;
R;307;93.003103882115;after;
R;331;93.003238290307;before;
R;367;93.003238290373;before;
S;265;94.000236024876;after;0.000236024876
S;325;94.000239315328;after;0.000239315328
R;295;94.001271025027;before;
R;253;94.001346049897;after;
R;277;94.001346049897;after;
R;247;94.001507328207;after;
R;211;94.001650074415;before;
R;265;94.001650074918;after;
R;271;94.001650080551;after;
R;157;94.001798349235;after;
R;307;94.001798353205;after;
R;211;94.002383087837;before;
R;361;94.00238310302;before;
R;301;94.002383108679;after;
R;253;94.002383111205;after;
R;331;94.002727340349;after;
R;271;94.002908136807;after;
R;211;94.002908142033;before;
L;271;94.312061125489;after;
L;211;94.31206113055;before;
L;271;94.579827137836;after;
L;253;94.579827155068;after;
L;361;94.57982715808;before;
L;301;94.579827163904;after;
S;277;95.000235050048;after;0.000235050048
S;343;95.000235050048;before;0.000235050048
S;331;95.000243340349;before;0.000243340349
S;367;95.000243340349;before;0.000243340349
R;187;95.001485332958;before;
R;325;95.00160036537;before;
R;349;95.00174336537;after;
R;157;95.001802357476;before;
R;193;95.001802357979;before;
R;241;95.001802364647;after;
R;295;95.002164075069;after;
R;157;95.002452372086;before;
R;337;95.002452379409;after;
R;307;95.002756405613;after;
L;325;95.21110836537;before;
L;349;95.21110836537;after;
L;307;95.506532390967;after;
L;187;95.506532396604;before;
L;295;95.554300075069;after;
L;283;95.682298390391;before;
L;331;95.682298390391;before;
S;361;96.000238157312;before;0.000238157312
S;271;96.000244091735;after;0.000244091735
R;211;96.001718125406;after;
R;265;96.001718125857;after;
R;325;96.001817415412;before;
R;349;96.001817415412;before;
R;331;96.002147440433;before;
R;361;96.00226617699;before;
R;277;96.002966108176;after;
R;265;96.002966108401;after;
L;301;96.252404190076;after;
L;211;96.252404203752;after;
S;283;97.000238390396;before;0.000238390396
S;193;97.000238390431;after;0.000238390431
S;295;97.000240134179;after;0.000240134179
S;187;97.000242396777;before;0.000242396777
S;337;97.000242401342;after;0.000242401342
S;259;97.000529415492;after;0.000529415492
S;187;97.000529415552;before;0.000529415552
R;157;97.001287430598;after;
R;367;97.001444440433;after;
R;259;97.001803415422;after;
R;157;97.001847440243;after;
R;193;97.001847440673;after;
R;277;97.002624160182;after;
R;349;97.002710465454;before;
S;325;98.000234416065;before;0.000234416065
S;157;98.000239440615;after;0.000239440615
R;187;98.001713465678;after;
R;331;98.001890441649;before;
R;283;98.001890441734;after;
R;265;98.002423127128;after;
R;361;98.002423129078;before;
R;325;98.002779467233;before;
R;253;98.003000153793;before;
L;211;98.404349141127;after;
L;253;98.404349157693;before;
S;283;99.000235493648;after;0.000235493648
R;367;99.0016134933;after;
R;331;99.001613493396;before;
R;193;99.001821492363;after;
R;277;99.001943214249;after;
R;349;99.002021519453;before;
R;187;99.003074519048;after;
R;295;99.003183241714;after;
R;325;99.003217520063;after;
S;325;100.000239520555;after;0.000239520555
R;331;100.001310547714;after;
R;361;100.001924175729;before;
L;253;100.144513193765;before;
S;367;101.000243548047;after;0.000243548047
R;349;101.002120575681;after;
R;187;101.002674520001;after;
R;277;101.002848269209;after;
R;295;101.003139296308;after;
R;193;101.003186547639;after;
R;331;102.002397603466;after;
R;349;102.002948631221;after;
R;325;102.002948631366;after;
L;295;102.470636312102;after;
R;367;103.001860658882;after;
R;349;103.002554686543;after;
R;325;104.001435687551;after;
R;331;104.00210371617;after;
R;361;104.003138353259;before;
L;343;104.120702364018;after;
R;367;105.001244714773;after;
R;349;105.001964742327;after;
R;349;107.002630741539;after;
R;367;107.002960768305;after;
R;157;108.002445209326;after;
R;301;108.002736228576;after;
R;187;108.002736239623;after;
R;337;109.001594417775;after;
R;307;109.002090333294;after;
R;277;109.0027044429;after;
R;295;109.002862354486;after;
R;187;110.002159300251;after;
R;259;110.003233246853;before;
L;301;110.26600726513;after;
L;193;110.266007271874;before;
R;277;111.002020310925;after;
R;259;111.002709297965;before;
R;187;111.003065321599;after;
R;343;112.002011398851;after;
R;157;112.002965416999;after;
R;187;112.002965417804;after;
L;259;112.329520297965;before;
L;283;112.569388322986;before;
R;349;113.001526348516;after;
R;283;113.002116374046;before;
R;361;114.001560410057;before;
R;259;114.002570353347;before;
R;283;114.002570359771;before;
L;253;114.263680366823;before;
L;283;114.263680378368;before;
L;211;114.424360364048;after;
L;283;114.424360373537;before;
L;211;114.550153390934;after;
L;253;114.550153393437;before;
L;259;114.550153398558;before;
L;349;114.550153398558;before;
L;247;114.6230174384;after;
R;277;115.001565402614;after;
R;259;115.002584398558;before;
R;349;115.002584398558;before;
R;193;115.00288342686;before;
R;247;115.003019413247;before;
R;253;115.003174410147;before;
R;283;115.003174423579;before;
L;307;115.551377439528;after;
R;361;116.002482438268;before;
L;247;116.505639463289;before;
R;349;117.001469414505;before;
R;283;117.00146942509;before;
R;307;117.002170442796;before;
R;277;117.002189426396;after;
R;295;117.002431446553;after;
R;259;117.002431451881;before;
R;247;117.002500467817;before;
R;337;117.002500467817;after;
R;259;117.00285246018;before;
R;193;117.002852466246;before;
L;229;117.204088788567;before;
L;307;117.204694492838;before;
L;301;117.349706813588;before;
R;361;118.001820492838;before;
R;337;118.002443592608;before;
L;247;118.200842517859;before;
L;307;118.333103617629;before;
L;157;118.333103619105;after;
R;295;119.001573465949;after;
R;283;119.001573475132;before;
R;349;119.001877481787;before;
R;343;119.002423486584;after;
R;349;119.002423500153;before;
R;307;119.002829617629;before;
R;259;119.003030437629;before;
R;247;119.00312064265;before;
R;337;119.00312064265;before;
L;187;119.35239164265;after;
L;337;119.35239164265;before;
L;307;119.681387667671;before;
R;187;120.00125264265;before;
R;337;120.00125264265;before;
R;277;120.002344534515;before;
R;349;120.002960499212;before;
R;361;120.003207667671;before;
L;247;120.212642692692;before;
L;343;120.32089351184;after;
L;283;120.320893524233;before;
L;295;120.320893526231;after;
L;253;120.350424559536;before;
L;295;120.350424560677;after;
L;157;120.604405667671;before;
L;157;120.684355667671;before;
L;307;120.684355667671;before;
R;349;121.001357549254;before;
R;157;121.001560667671;before;
R;295;121.001573559536;after;
R;343;121.001856559969;after;
R;283;121.001856574275;before;
R;295;121.001856577325;after;
R;157;121.002015667671;before;
R;307;121.002015667671;before;
R;277;121.002147602346;before;
R;343;121.002147602356;after;
R;349;121.002147605396;before;
R;301;121.00257086363;before;
R;247;121.002631692692;before;
R;337;121.002631692692;before;
L;187;121.101288692692;before;
L;337;121.101288692692;before;
L;307;121.318432717713;before;
L;211;121.330032888651;before;
R;277;122.002201584557;before;
R;361;122.002367717713;before;
R;187;122.002622692692;before;
R;337;122.002622692692;before;
R;295;122.002944627377;before;
R;283;122.002944632787;before;
L;157;122.106341717713;before;
L;307;122.106341717713;before;
L;277;122.199756652398;before;
L;343;122.199756652398;after;
L;349;122.199756657246;before;
L;157;122.213981717713;before;
L;247;122.242963742734;before;
L;253;122.251553677419;before;
L;295;122.251553677419;before;
S;349;123.000244659165;before;0.000244659165
R;343;123.001250674886;before;
R;283;123.001250685543;after;
R;277;123.00194470244;before;
R;343;123.00194470244;before;
R;247;123.002072742734;before;
R;337;123.002072742734;before;
R;295;123.002326727461;before;
R;157;123.002376767755;before;
R;307;123.002376767755;before;
R;259;123.003210489974;after;
L;307;123.277911767755;before;
L;349;123.500772718161;before;
L;295;123.500772727461;before;
S;343;124.000237746929;before;0.000237746929
R;187;124.001886792776;before;
R;337;124.001886792776;before;
R;295;124.00194577195;before;
R;349;124.001945775697;after;
R;361;124.002822767755;before;
L;277;124.177359796971;before;
L;343;124.177359796971;before;
L;157;124.405008817797;before;
L;307;124.405008817797;before;
L;157;124.489794817797;before;
L;247;124.689474792776;before;
R;295;125.001850821992;before;
R;283;125.002079803629;after;
R;307;125.002116817797;before;
R;349;125.002409831561;after;
R;259;125.002680491459;after;
R;277;125.002726847013;before;
R;343;125.002726847013;before;
R;247;125.002927842818;before;
R;337;125.002927842818;before;
L;307;125.420739867839;before;
L;295;125.491856872034;before;
R;361;126.001935867839;before;
R;187;126.001977842818;before;
R;337;126.001977842818;before;
L;157;126.206355867839;before;
L;247;126.51170989286;before;
L;157;126.606274867839;before;
L;307;126.606274867839;before;
R;307;127.001284867839;before;
R;295;127.001689872034;before;
R;247;127.00234289286;before;
R;337;127.00234289286;before;
R;277;127.002435897055;before;
R;343;127.002435897055;before;
R;283;127.002906860969;after;
R;259;127.003223890319;after;
R;349;127.003223890377;after;
L;295;127.199403922076;before;
L;307;127.212024917881;before;
R;361;128.002780917881;before;
R;187;128.00287489286;before;
R;337;128.00287489286;before;
L;157;128.137117917881;before;
L;157;128.366827917881;before;
L;307;128.366827917881;before;
L;247;128.655970942902;before;
R;349;129.001380891263;after;
R;295;129.001970922076;before;
R;283;129.002191921557;after;
R;277;129.002326947097;before;
R;343;129.002326947097;before;
R;247;129.002467942902;before;
R;337;129.002467942902;before;
R;157;129.002758967923;before;
R;307;129.002758967923;before;
R;259;129.003180493733;after;
L;307;129.409567967923;before;
L;295;129.593493972118;before;
R;361;130.001644967923;before;
R;187;130.001930992944;before;
R;337;130.001930992944;before;
L;247;130.353897992944;before;
L;157;130.375543017965;before;
L;307;130.375543017965;before;
L;157;130.437384017965;before;
S;295;131.000236972807;before;0.000236972807
R;283;131.001310921571;after;
R;253;131.001576119361;before;
R;247;131.001628042986;before;
R;337;131.001628042986;before;
R;259;131.001887951864;after;
R;349;131.001887951879;after;
R;307;131.001945068007;before;
R;277;131.001983998517;after;
R;157;131.002850017965;before;
L;307;131.577260068007;before;
S;343;132.000245998296;before;0.000245998296
R;211;132.001853144382;before;
R;277;132.00185314445;after;
R;295;132.001915023785;after;
R;187;132.002113042986;before;
R;337;132.002113042986;before;
R;361;132.002963068007;before;
L;157;132.159925068007;before;
L;307;132.159925068007;before;
L;157;132.470326068007;before;
L;247;132.594728093028;before;
S;295;133.000242023317;after;0.000242023317
R;307;133.002135068007;before;
R;349;133.002384951826;after;
R;247;133.002426093028;before;
R;337;133.002426093028;before;
R;283;133.002688982081;after;
R;259;133.002952493541;after;
R;253;133.003170169471;before;
R;295;133.003170169471;after;
R;277;133.003461194492;after;
R;343;133.003461194492;after;
L;307;133.433836118049;before;
R;187;134.001450093028;before;
R;337;134.001450093028;before;
R;361;134.002903118049;before;
L;157;134.520987118049;before;
L;157;134.590485118049;before;
L;307;134.590485118049;before;
L;247;134.67902514307;before;
R;307;135.001290118049;before;
R;283;135.001326979075;after;
R;247;135.00158114307;before;
R;337;135.00158114307;before;
R;157;135.002213118049;before;
R;193;135.002213123888;after;
R;277;135.002845244534;before;
R;343;135.002845244534;before;
R;187;135.002920154748;before;
R;349;135.002931006324;after;
R;253;135.003162269555;before;
R;295;135.003162269555;before;
L;295;135.307544269555;before;
L;307;135.684073168091;before;
S;157;136.000233168603;after;0.000233168603
S;301;136.000239220219;before;0.000239220219
S;253;136.000241270068;before;0.000241270068
S;247;136.000529194482;after;0.000529194482
R;277;136.001286295602;after;
R;211;136.002025245928;before;
R;229;136.002025246014;after;
S;211;137.000235246669;before;0.000235246669
S;193;137.000242220164;after;0.000242220164
R;277;137.001415296181;after;
R;349;137.001608004927;after;
R;337;137.001690195155;after;
R;295;137.001732322383;after;
R;301;137.001891273119;after;
R;283;137.001925030779;after;
R;259;137.002886246186;after;
R;187;137.002886246279;after;
R;157;137.003138221439;after;
R;307;137.003138221534;after;
S;253;138.000244273769;before;0.000244273769
S;301;138.00024427386;after;0.00024427386
R;211;138.001354300869;after;
R;211;138.002680301051;after;
S;277;139.000240301227;after;0.000240301227
S;211;139.000240301256;after;0.000240301256
R;307;139.001248276153;after;
R;337;139.001773303766;after;
R;193;139.001846275836;after;
R;157;139.001846275873;after;
R;253;139.002130328743;after;
R;187;139.002163303305;after;
R;349;139.002357058086;after;
R;277;139.002528350525;after;
R;283;139.002687085393;after;
R;253;139.002819377983;after;
R;295;139.002819378071;after;
R;211;140.003135404174;after;
R;187;141.001581303528;after;
R;193;141.00188533122;after;
R;277;141.002107405632;after;
R;283;141.002261085771;after;
R;295;141.002398433254;after;
R;259;141.002890113436;after;
R;349;141.002890113456;after;
R;277;143.001270462867;after;
R;283;143.001333141071;after;
R;187;143.001433358576;after;
R;349;143.001637168686;after;
R;295;143.002419491918;after;
R;193;143.003232385932;after;
R;349;145.00162716882;after;
R;295;145.001772493206;after;
R;277;145.002063523545;after;
R;283;145.002542196569;after;
R;259;145.003196413381;after;
R;283;147.001479195402;after;
R;349;147.002355221984;after;
R;277;147.002508523558;after;
R;295;147.00286455391;after;
R;295;149.00163255392;after;
R;277;149.002339584282;after;
R;295;151.001900614651;after;
R;277;151.00250364502;after;
